,Mean Squared Error,Reduced Mean Squared Error,Mean Absolute Error,Median Absolute Error,R2
Dummy,935.999,30.594,20.607,15.465,-1.3758536077546069e-05
Logistic,42.243,6.499,2.738,0.0,0.9548683677568252
Random Forest,10.119,3.181,1.534,0.02,0.9891885011512471
Cat Boost,850.018,29.155,19.623,14.746,0.09184743297309605
Light Gradient Boost,890.83,29.847,20.103,15.084,0.048244963318919476
Decision Tree,18.762,4.331,2.085,0.0,0.9799550989920112
