,Dummy,Logistic,Random Forest,Cat Boost,Light Gradient,Decision Tree,Sum
Hikaru ELO,0.16666666666666669,0.16666666666666669,0.0016830197887009932,0.0019739380922552704,0.0,0.0017240700036940107,0.33871436121798365
Anonymous GM ELO,0.16666666666666669,0.16666666666666669,0.0016788812570059392,0.004043617360746458,0.0,0.0017297049391625265,0.34078553689024826
Hikaru Score,0.16666666666666669,0.16666666666666669,0.44544235313001557,0.3990143867725726,0.5073684210526316,0.018628127958597702,1.703786622247151
Anonymous GM Score,0.16666666666666669,0.16666666666666669,0.5466309873324464,0.35087555673384363,0.44,0.9734541459586735,2.644294023358297
Hikaru Biggest Win Streak,0.16666666666666669,0.16666666666666669,0.0029734152590719927,0.007533717976602512,0.05263157894736842,0.002944364470727012,0.39941640998710326
ELO Difference,0.16666666666666669,0.16666666666666669,0.001591343232759182,0.23655878306397948,0.0,0.0015195866691451489,0.5730030462992172
