,minimum,q1,median,mean,q3,maximum,iqr,big_outliers,small_outliers,standard_deviation,variance
Hikaru ELO,3150,3199.75,3249.5,3249.5,3299.25,3349,99.5,3448.5,3050.5,57.73430522661548,3333.25
Anonymous GM ELO,2700,2799.75,2899.5,2899.5,2999.25,3099,199.5,3298.5,2500.5,115.46969299344309,13333.25
Hikaru Score,13878.0,19171.375,21158.75,20727.84841875,22601.5,24232.0,3430.125,27746.6875,14026.1875,2256.603514679473,5092259.42246375
Anonymous GM Score,768.0,2398.5,3841.25,4272.15158125,5828.625,11122.0,3430.125,10973.8125,-2746.6875,2256.603514679473,5092259.42246375
Hikaru Biggest Win Streak,10,26.0,40.0,48.2425125,63.0,274,37.0,118.5,-29.5,29.65045193900666,879.1493001873438
Number of 40 Win Streaks,0,0.0,1.0,15.448125,14.0,196,14.0,35.0,-21.0,30.903656077952572,955.035958984375
ELO Difference,51,250.0,350.0,350.0,450.0,649,200.0,750.0,-50.0,129.09879937474244,16666.5
